il_id,il,plaka,ilce,slug
1,Adana,01,Aladağ,aladag
1,Adana,01,Ceyhan,ceyhan
1,Adana,01,Çukurova,cukurova
1,Adana,01,Feke,feke
1,Adana,01,İmamoğlu,i̇mamoglu
1,Adana,01,Karaisalı,karaisali
1,Adana,01,Karataş,karatas
1,Adana,01,Kozan,kozan
1,Adana,01,Pozantı,pozanti
1,Adana,01,Saimbeyli,saimbeyli
1,Adana,01,Sarıçam,saricam
1,Adana,01,Seyhan,seyhan
1,Adana,01,Tufanbeyli,tufanbeyli
1,Adana,01,Yumurtalık,yumurtalik
1,Adana,01,Yüreğir,yuregir
2,Adıyaman,02,Besni,besni
2,Adıyaman,02,Çelikhan,celikhan
2,Adıyaman,02,Gerger,gerger
2,Adıyaman,02,Gölbaşı,golbasi
2,Adıyaman,02,Kâhta,kâhta
2,Adıyaman,02,Merkez,merkez
2,Adıyaman,02,Samsat,samsat
2,Adıyaman,02,Sincik,sincik
2,Adıyaman,02,Tut,tut
3,Afyonkarahisar,03,Başmakçı,basmakci
3,Afyonkarahisar,03,Bayat,bayat
3,Afyonkarahisar,03,Bolvadin,bolvadin
3,Afyonkarahisar,03,Çay,cay
3,Afyonkarahisar,03,Çobanlar,cobanlar
3,Afyonkarahisar,03,Dazkırı,dazkiri
3,Afyonkarahisar,03,Dinar,dinar
3,Afyonkarahisar,03,Emirdağ,emirdag
3,Afyonkarahisar,03,Evciler,evciler
3,Afyonkarahisar,03,Hocalar,hocalar
3,Afyonkarahisar,03,İhsaniye,i̇hsaniye
3,Afyonkarahisar,03,İscehisar,i̇scehisar
3,Afyonkarahisar,03,Kızılören,kiziloren
3,Afyonkarahisar,03,Merkez,merkez
3,Afyonkarahisar,03,Sandıklı,sandikli
3,Afyonkarahisar,03,Sinanpaşa,sinanpasa
3,Afyonkarahisar,03,Sultandağı,sultandagi
3,Afyonkarahisar,03,Şuhut,suhut
68,Aksaray,68,Ağaçören,agacoren
68,Aksaray,68,Eskil,eskil
68,Aksaray,68,Gülağaç,gulagac
68,Aksaray,68,Güzelyurt,guzelyurt
68,Aksaray,68,Merkez,merkez
68,Aksaray,68,Ortaköy,ortakoy
68,Aksaray,68,Sarıyahşi,sariyahsi
68,Aksaray,68,Sultanhanı,sultanhani
5,Amasya,05,Göynücek,goynucek
5,Amasya,05,Gümüşhacıköy,gumushacikoy
5,Amasya,05,Hamamözü,hamamozu
5,Amasya,05,Merkez,merkez
5,Amasya,05,Merzifon,merzifon
5,Amasya,05,Suluova,suluova
5,Amasya,05,Taşova,tasova
6,Ankara,06,Akyurt,akyurt
6,Ankara,06,Altındağ,altindag
6,Ankara,06,Ayaş,ayas
6,Ankara,06,Bala,bala
6,Ankara,06,Beypazarı,beypazari
6,Ankara,06,Çamlıdere,camlidere
6,Ankara,06,Çankaya,cankaya
6,Ankara,06,Çubuk,cubuk
6,Ankara,06,Elmadağ,elmadag
6,Ankara,06,Etimesgut,etimesgut
6,Ankara,06,Evren,evren
6,Ankara,06,Gölbaşı,golbasi
6,Ankara,06,Güdül,gudul
6,Ankara,06,Haymana,haymana
6,Ankara,06,Kahramankazan,kahramankazan
6,Ankara,06,Kalecik,kalecik
6,Ankara,06,Keçiören,kecioren
6,Ankara,06,Kızılcahamam,kizilcahamam
6,Ankara,06,Mamak,mamak
6,Ankara,06,Nallıhan,nallihan
6,Ankara,06,Polatlı,polatli
6,Ankara,06,Pursaklar,pursaklar
6,Ankara,06,Sincan,sincan
6,Ankara,06,Şereflikoçhisar,sereflikochisar
6,Ankara,06,Yenimahalle,yenimahalle
7,Antalya,07,Akseki,akseki
7,Antalya,07,Aksu,aksu
7,Antalya,07,Alanya,alanya
7,Antalya,07,Demre,demre
7,Antalya,07,Döşemealtı,dosemealti
7,Antalya,07,Elmalı,elmali
7,Antalya,07,Finike,finike
7,Antalya,07,Gazipaşa,gazipasa
7,Antalya,07,Gündoğmuş,gundogmus
7,Antalya,07,İbradı,i̇bradi
7,Antalya,07,Kaş,kas
7,Antalya,07,Kemer,kemer
7,Antalya,07,Kepez,kepez
7,Antalya,07,Konyaaltı,konyaalti
7,Antalya,07,Korkuteli,korkuteli
7,Antalya,07,Kumluca,kumluca
7,Antalya,07,Manavgat,manavgat
7,Antalya,07,Muratpaşa,muratpasa
7,Antalya,07,Serik,serik
75,Ardahan,75,Çıldır,cildir
75,Ardahan,75,Damal,damal
75,Ardahan,75,Göle,gole
75,Ardahan,75,Hanak,hanak
75,Ardahan,75,Merkez,merkez
75,Ardahan,75,Posof,posof
8,Artvin,08,Ardanuç,ardanuc
8,Artvin,08,Arhavi,arhavi
8,Artvin,08,Borçka,borcka
8,Artvin,08,Hopa,hopa
8,Artvin,08,Kemalpaşa,kemalpasa
8,Artvin,08,Merkez,merkez
8,Artvin,08,Murgul,murgul
8,Artvin,08,Şavşat,savsat
8,Artvin,08,Yusufeli,yusufeli
9,Aydın,09,Bozdoğan,bozdogan
9,Aydın,09,Buharkent,buharkent
9,Aydın,09,Çine,cine
9,Aydın,09,Didim,didim
9,Aydın,09,Efeler,efeler
9,Aydın,09,Germencik,germencik
9,Aydın,09,İncirliova,i̇ncirliova
9,Aydın,09,Karacasu,karacasu
9,Aydın,09,Karpuzlu,karpuzlu
9,Aydın,09,Koçarlı,kocarli
9,Aydın,09,Köşk,kosk
9,Aydın,09,Kuşadası,kusadasi
9,Aydın,09,Kuyucak,kuyucak
9,Aydın,09,Nazilli,nazilli
9,Aydın,09,Söke,soke
9,Aydın,09,Sultanhisar,sultanhisar
9,Aydın,09,Yenipazar,yenipazar
4,Ağrı,04,Diyadin,diyadin
4,Ağrı,04,Doğubayazıt,dogubayazit
4,Ağrı,04,Eleşkirt,eleskirt
4,Ağrı,04,Hamur,hamur
4,Ağrı,04,Merkez,merkez
4,Ağrı,04,Patnos,patnos
4,Ağrı,04,Taşlıçay,taslicay
4,Ağrı,04,Tutak,tutak
10,Balıkesir,10,Altıeylül,altieylul
10,Balıkesir,10,Ayvalık,ayvalik
10,Balıkesir,10,Balya,balya
10,Balıkesir,10,Bandırma,bandirma
10,Balıkesir,10,Bigadiç,bigadic
10,Balıkesir,10,Burhaniye,burhaniye
10,Balıkesir,10,Dursunbey,dursunbey
10,Balıkesir,10,Edremit,edremit
10,Balıkesir,10,Erdek,erdek
10,Balıkesir,10,Gömeç,gomec
10,Balıkesir,10,Gönen,gonen
10,Balıkesir,10,Havran,havran
10,Balıkesir,10,İvrindi,i̇vrindi
10,Balıkesir,10,Karesi,karesi
10,Balıkesir,10,Kepsut,kepsut
10,Balıkesir,10,Manyas,manyas
10,Balıkesir,10,Marmara,marmara
10,Balıkesir,10,Savaştepe,savastepe
10,Balıkesir,10,Sındırgı,sindirgi
10,Balıkesir,10,Susurluk,susurluk
74,Bartın,74,Amasra,amasra
74,Bartın,74,Kurucaşile,kurucasile
74,Bartın,74,Merkez,merkez
74,Bartın,74,Ulus,ulus
72,Batman,72,Beşiri,besiri
72,Batman,72,Gercüş,gercus
72,Batman,72,Hasankeyf,hasankeyf
72,Batman,72,Kozluk,kozluk
72,Batman,72,Merkez,merkez
72,Batman,72,Sason,sason
69,Bayburt,69,Aydıntepe,aydintepe
69,Bayburt,69,Demirözü,demirozu
69,Bayburt,69,Merkez,merkez
11,Bilecik,11,Bozüyük,bozuyuk
11,Bilecik,11,Gölpazarı,golpazari
11,Bilecik,11,İnhisar,i̇nhisar
11,Bilecik,11,Merkez,merkez
11,Bilecik,11,Osmaneli,osmaneli
11,Bilecik,11,Pazaryeri,pazaryeri
11,Bilecik,11,Söğüt,sogut
11,Bilecik,11,Yenipazar,yenipazar
12,Bingöl,12,Adaklı,adakli
12,Bingöl,12,Genç,genc
12,Bingöl,12,Karlıova,karliova
12,Bingöl,12,Kiğı,kigi
12,Bingöl,12,Merkez,merkez
12,Bingöl,12,Solhan,solhan
12,Bingöl,12,Yayladere,yayladere
12,Bingöl,12,Yedisu,yedisu
13,Bitlis,13,Adilcevaz,adilcevaz
13,Bitlis,13,Ahlat,ahlat
13,Bitlis,13,Güroymak,guroymak
13,Bitlis,13,Hizan,hizan
13,Bitlis,13,Merkez,merkez
13,Bitlis,13,Mutki,mutki
13,Bitlis,13,Tatvan,tatvan
14,Bolu,14,Dörtdivan,dortdivan
14,Bolu,14,Gerede,gerede
14,Bolu,14,Göynük,goynuk
14,Bolu,14,Kıbrıscık,kibriscik
14,Bolu,14,Mengen,mengen
14,Bolu,14,Merkez,merkez
14,Bolu,14,Mudurnu,mudurnu
14,Bolu,14,Seben,seben
14,Bolu,14,Yeniçağa,yenicaga
15,Burdur,15,Ağlasun,aglasun
15,Burdur,15,Altınyayla,altinyayla
15,Burdur,15,Bucak,bucak
15,Burdur,15,Çavdır,cavdir
15,Burdur,15,Çeltikçi,celtikci
15,Burdur,15,Gölhisar,golhisar
15,Burdur,15,Karamanlı,karamanli
15,Burdur,15,Kemer,kemer
15,Burdur,15,Merkez,merkez
15,Burdur,15,Tefenni,tefenni
15,Burdur,15,Yeşilova,yesilova
16,Bursa,16,Büyükorhan,buyukorhan
16,Bursa,16,Gemlik,gemlik
16,Bursa,16,Gürsu,gursu
16,Bursa,16,Harmancık,harmancik
16,Bursa,16,İnegöl,i̇negol
16,Bursa,16,İznik,i̇znik
16,Bursa,16,Karacabey,karacabey
16,Bursa,16,Keles,keles
16,Bursa,16,Kestel,kestel
16,Bursa,16,Mudanya,mudanya
16,Bursa,16,Mustafakemalpaşa,mustafakemalpasa
16,Bursa,16,Nilüfer,nilufer
16,Bursa,16,Orhaneli,orhaneli
16,Bursa,16,Orhangazi,orhangazi
16,Bursa,16,Osmangazi,osmangazi
16,Bursa,16,Yenişehir,yenisehir
16,Bursa,16,Yıldırım,yildirim
20,Denizli,20,Acıpayam,acipayam
20,Denizli,20,Babadağ,babadag
20,Denizli,20,Baklan,baklan
20,Denizli,20,Bekilli,bekilli
20,Denizli,20,Beyağaç,beyagac
20,Denizli,20,Bozkurt,bozkurt
20,Denizli,20,Buldan,buldan
20,Denizli,20,Çal,cal
20,Denizli,20,Çameli,cameli
20,Denizli,20,Çardak,cardak
20,Denizli,20,Çivril,civril
20,Denizli,20,Güney,guney
20,Denizli,20,Honaz,honaz
20,Denizli,20,Kale,kale
20,Denizli,20,Merkezefendi,merkezefendi
20,Denizli,20,Pamukkale,pamukkale
20,Denizli,20,Sarayköy,saraykoy
20,Denizli,20,Serinhisar,serinhisar
20,Denizli,20,Tavas,tavas
21,Diyarbakır,21,Bağlar,baglar
21,Diyarbakır,21,Bismil,bismil
21,Diyarbakır,21,Çermik,cermik
21,Diyarbakır,21,Çınar,cinar
21,Diyarbakır,21,Çüngüş,cungus
21,Diyarbakır,21,Dicle,dicle
21,Diyarbakır,21,Eğil,egil
21,Diyarbakır,21,Ergani,ergani
21,Diyarbakır,21,Hani,hani
21,Diyarbakır,21,Hazro,hazro
21,Diyarbakır,21,Kayapınar,kayapinar
21,Diyarbakır,21,Kocaköy,kocakoy
21,Diyarbakır,21,Kulp,kulp
21,Diyarbakır,21,Lice,lice
21,Diyarbakır,21,Silvan,silvan
21,Diyarbakır,21,Sur,sur
21,Diyarbakır,21,Yenişehir,yenisehir
81,Düzce,81,Akçakoca,akcakoca
81,Düzce,81,Cumayeri,cumayeri
81,Düzce,81,Çilimli,cilimli
81,Düzce,81,Gölyaka,golyaka
81,Düzce,81,Gümüşova,gumusova
81,Düzce,81,Kaynaşlı,kaynasli
81,Düzce,81,Merkez,merkez
81,Düzce,81,Yığılca,yigilca
22,Edirne,22,Enez,enez
22,Edirne,22,Havsa,havsa
22,Edirne,22,İpsala,i̇psala
22,Edirne,22,Keşan,kesan
22,Edirne,22,Lalapaşa,lalapasa
22,Edirne,22,Meriç,meric
22,Edirne,22,Merkez,merkez
22,Edirne,22,Süloğlu,suloglu
22,Edirne,22,Uzunköprü,uzunkopru
23,Elazığ,23,Ağın,agin
23,Elazığ,23,Alacakaya,alacakaya
23,Elazığ,23,Arıcak,aricak
23,Elazığ,23,Baskil,baskil
23,Elazığ,23,Karakoçan,karakocan
23,Elazığ,23,Keban,keban
23,Elazığ,23,Kovancılar,kovancilar
23,Elazığ,23,Maden,maden
23,Elazığ,23,Merkez,merkez
23,Elazığ,23,Palu,palu
23,Elazığ,23,Sivrice,sivrice
24,Erzincan,24,Çayırlı,cayirli
24,Erzincan,24,İliç,i̇lic
24,Erzincan,24,Kemah,kemah
24,Erzincan,24,Kemaliye,kemaliye
24,Erzincan,24,Merkez,merkez
24,Erzincan,24,Otlukbeli,otlukbeli
24,Erzincan,24,Refahiye,refahiye
24,Erzincan,24,Tercan,tercan
24,Erzincan,24,Üzümlü,uzumlu
25,Erzurum,25,Aşkale,askale
25,Erzurum,25,Aziziye,aziziye
25,Erzurum,25,Çat,cat
25,Erzurum,25,Hınıs,hinis
25,Erzurum,25,Horasan,horasan
25,Erzurum,25,İspir,i̇spir
25,Erzurum,25,Karaçoban,karacoban
25,Erzurum,25,Karayazı,karayazi
25,Erzurum,25,Köprüköy,koprukoy
25,Erzurum,25,Narman,narman
25,Erzurum,25,Oltu,oltu
25,Erzurum,25,Olur,olur
25,Erzurum,25,Palandöken,palandoken
25,Erzurum,25,Pasinler,pasinler
25,Erzurum,25,Pazaryolu,pazaryolu
25,Erzurum,25,Şenkaya,senkaya
25,Erzurum,25,Tekman,tekman
25,Erzurum,25,Tortum,tortum
25,Erzurum,25,Uzundere,uzundere
25,Erzurum,25,Yakutiye,yakutiye
26,Eskişehir,26,Alpu,alpu
26,Eskişehir,26,Beylikova,beylikova
26,Eskişehir,26,Çifteler,cifteler
26,Eskişehir,26,Günyüzü,gunyuzu
26,Eskişehir,26,Han,han
26,Eskişehir,26,İnönü,i̇nonu
26,Eskişehir,26,Mahmudiye,mahmudiye
26,Eskişehir,26,Mihalgazi,mihalgazi
26,Eskişehir,26,Mihalıççık,mihaliccik
26,Eskişehir,26,Odunpazarı,odunpazari
26,Eskişehir,26,Sarıcakaya,saricakaya
26,Eskişehir,26,Seyitgazi,seyitgazi
26,Eskişehir,26,Sivrihisar,sivrihisar
26,Eskişehir,26,Tepebaşı,tepebasi
27,Gaziantep,27,Araban,araban
27,Gaziantep,27,İslahiye,i̇slahiye
27,Gaziantep,27,Karkamış,karkamis
27,Gaziantep,27,Nizip,nizip
27,Gaziantep,27,Nurdağı,nurdagi
27,Gaziantep,27,Oğuzeli,oguzeli
27,Gaziantep,27,Şahinbey,sahinbey
27,Gaziantep,27,Şehitkamil,sehitkamil
27,Gaziantep,27,Yavuzeli,yavuzeli
28,Giresun,28,Alucra,alucra
28,Giresun,28,Bulancak,bulancak
28,Giresun,28,Çamoluk,camoluk
28,Giresun,28,Çanakçı,canakci
28,Giresun,28,Dereli,dereli
28,Giresun,28,Doğankent,dogankent
28,Giresun,28,Espiye,espiye
28,Giresun,28,Eynesil,eynesil
28,Giresun,28,Görele,gorele
28,Giresun,28,Güce,guce
28,Giresun,28,Keşap,kesap
28,Giresun,28,Merkez,merkez
28,Giresun,28,Piraziz,piraziz
28,Giresun,28,Şebinkarahisar,sebinkarahisar
28,Giresun,28,Tirebolu,tirebolu
28,Giresun,28,Yağlıdere,yaglidere
29,Gümüşhane,29,Kelkit,kelkit
29,Gümüşhane,29,Köse,kose
29,Gümüşhane,29,Kürtün,kurtun
29,Gümüşhane,29,Merkez,merkez
29,Gümüşhane,29,Şiran,siran
29,Gümüşhane,29,Torul,torul
30,Hakkari,30,Çukurca,cukurca
30,Hakkari,30,Derecik,derecik
30,Hakkari,30,Merkez,merkez
30,Hakkari,30,Şemdinli,semdinli
30,Hakkari,30,Yüksekova,yuksekova
31,Hatay,31,Altınözü,altinozu
31,Hatay,31,Antakya,antakya
31,Hatay,31,Arsuz,arsuz
31,Hatay,31,Belen,belen
31,Hatay,31,Defne,defne
31,Hatay,31,Dörtyol,dortyol
31,Hatay,31,Erzin,erzin
31,Hatay,31,Hassa,hassa
31,Hatay,31,İskenderun,i̇skenderun
31,Hatay,31,Kırıkhan,kirikhan
31,Hatay,31,Kumlu,kumlu
31,Hatay,31,Payas,payas
31,Hatay,31,Reyhanlı,reyhanli
31,Hatay,31,Samandağ,samandag
31,Hatay,31,Yayladağı,yayladagi
32,Isparta,32,Aksu,aksu
32,Isparta,32,Atabey,atabey
32,Isparta,32,Eğirdir,egirdir
32,Isparta,32,Gelendost,gelendost
32,Isparta,32,Gönen,gonen
32,Isparta,32,Keçiborlu,keciborlu
32,Isparta,32,Merkez,merkez
32,Isparta,32,Senirkent,senirkent
32,Isparta,32,Sütçüler,sutculer
32,Isparta,32,Şarkikaraağaç,sarkikaraagac
32,Isparta,32,Uluborlu,uluborlu
32,Isparta,32,Yalvaç,yalvac
32,Isparta,32,Yenişarbademli,yenisarbademli
76,Iğdır,76,Aralık,aralik
76,Iğdır,76,Karakoyunlu,karakoyunlu
76,Iğdır,76,Merkez,merkez
76,Iğdır,76,Tuzluca,tuzluca
46,Kahramanmaraş,46,Afşin,afsin
46,Kahramanmaraş,46,Andırın,andirin
46,Kahramanmaraş,46,Çağlayancerit,caglayancerit
46,Kahramanmaraş,46,Dulkadiroğlu,dulkadiroglu
46,Kahramanmaraş,46,Ekinözü,ekinozu
46,Kahramanmaraş,46,Elbistan,elbistan
46,Kahramanmaraş,46,Göksun,goksun
46,Kahramanmaraş,46,Nurhak,nurhak
46,Kahramanmaraş,46,Onikişubat,onikisubat
46,Kahramanmaraş,46,Pazarcık,pazarcik
46,Kahramanmaraş,46,Türkoğlu,turkoglu
78,Karabük,78,Eflani,eflani
78,Karabük,78,Eskipazar,eskipazar
78,Karabük,78,Merkez,merkez
78,Karabük,78,Ovacık,ovacik
78,Karabük,78,Safranbolu,safranbolu
78,Karabük,78,Yenice,yenice
70,Karaman,70,Ayrancı,ayranci
70,Karaman,70,Başyayla,basyayla
70,Karaman,70,Ermenek,ermenek
70,Karaman,70,Kazımkarabekir,kazimkarabekir
70,Karaman,70,Merkez,merkez
70,Karaman,70,Sarıveliler,sariveliler
36,Kars,36,Akyaka,akyaka
36,Kars,36,Arpaçay,arpacay
36,Kars,36,Digor,digor
36,Kars,36,Kağızman,kagizman
36,Kars,36,Merkez,merkez
36,Kars,36,Sarıkamış,sarikamis
36,Kars,36,Selim,selim
36,Kars,36,Susuz,susuz
37,Kastamonu,37,Abana,abana
37,Kastamonu,37,Ağlı,agli
37,Kastamonu,37,Araç,arac
37,Kastamonu,37,Azdavay,azdavay
37,Kastamonu,37,Bozkurt,bozkurt
37,Kastamonu,37,Cide,cide
37,Kastamonu,37,Çatalzeytin,catalzeytin
37,Kastamonu,37,Daday,daday
37,Kastamonu,37,Devrekani,devrekani
37,Kastamonu,37,Doğanyurt,doganyurt
37,Kastamonu,37,Hanönü,hanonu
37,Kastamonu,37,İhsangazi,i̇hsangazi
37,Kastamonu,37,İnebolu,i̇nebolu
37,Kastamonu,37,Küre,kure
37,Kastamonu,37,Merkez,merkez
37,Kastamonu,37,Pınarbaşı,pinarbasi
37,Kastamonu,37,Şenpazar,senpazar
37,Kastamonu,37,Seydiler,seydiler
37,Kastamonu,37,Taşköprü,taskopru
37,Kastamonu,37,Tosya,tosya
38,Kayseri,38,Akkışla,akkisla
38,Kayseri,38,Bünyan,bunyan
38,Kayseri,38,Develi,develi
38,Kayseri,38,Felahiye,felahiye
38,Kayseri,38,Hacılar,hacilar
38,Kayseri,38,İncesu,i̇ncesu
38,Kayseri,38,Kocasinan,kocasinan
38,Kayseri,38,Melikgazi,melikgazi
38,Kayseri,38,Özvatan,ozvatan
38,Kayseri,38,Pınarbaşı,pinarbasi
38,Kayseri,38,Sarıoğlan,sarioglan
38,Kayseri,38,Sarız,sariz
38,Kayseri,38,Talas,talas
38,Kayseri,38,Tomarza,tomarza
38,Kayseri,38,Yahyalı,yahyali
38,Kayseri,38,Yeşilhisar,yesilhisar
79,Kilis,79,Elbeyli,elbeyli
79,Kilis,79,Merkez,merkez
79,Kilis,79,Musabeyli,musabeyli
79,Kilis,79,Polateli,polateli
41,Kocaeli,41,Başiskele,basiskele
41,Kocaeli,41,Çayırova,cayirova
41,Kocaeli,41,Darıca,darica
41,Kocaeli,41,Derince,derince
41,Kocaeli,41,Dilovası,dilovasi
41,Kocaeli,41,Gebze,gebze
41,Kocaeli,41,Gölcük,golcuk
41,Kocaeli,41,İzmit,i̇zmit
41,Kocaeli,41,Kandıra,kandira
41,Kocaeli,41,Karamürsel,karamursel
41,Kocaeli,41,Kartepe,kartepe
41,Kocaeli,41,Körfez,korfez
42,Konya,42,Ahırlı,ahirli
42,Konya,42,Akören,akoren
42,Konya,42,Akşehir,aksehir
42,Konya,42,Altınekin,altinekin
42,Konya,42,Beyşehir,beysehir
42,Konya,42,Bozkır,bozkir
42,Konya,42,Cihanbeyli,cihanbeyli
42,Konya,42,Çeltik,celtik
42,Konya,42,Çumra,cumra
42,Konya,42,Derbent,derbent
42,Konya,42,Derebucak,derebucak
42,Konya,42,Doğanhisar,doganhisar
42,Konya,42,Emirgazi,emirgazi
42,Konya,42,Ereğli,eregli
42,Konya,42,Güneysınır,guneysinir
42,Konya,42,Hadim,hadim
42,Konya,42,Halkapınar,halkapinar
42,Konya,42,Hüyük,huyuk
42,Konya,42,Ilgın,ilgin
42,Konya,42,Kadınhanı,kadinhani
42,Konya,42,Karapınar,karapinar
42,Konya,42,Karatay,karatay
42,Konya,42,Kulu,kulu
42,Konya,42,Meram,meram
42,Konya,42,Sarayönü,sarayonu
42,Konya,42,Selçuklu,selcuklu
42,Konya,42,Seydişehir,seydisehir
42,Konya,42,Taşkent,taskent
42,Konya,42,Tuzlukçu,tuzlukcu
42,Konya,42,Yalıhüyük,yalihuyuk
42,Konya,42,Yunak,yunak
43,Kütahya,43,Altıntaş,altintas
43,Kütahya,43,Aslanapa,aslanapa
43,Kütahya,43,Çavdarhisar,cavdarhisar
43,Kütahya,43,Domaniç,domanic
43,Kütahya,43,Dumlupınar,dumlupinar
43,Kütahya,43,Emet,emet
43,Kütahya,43,Gediz,gediz
43,Kütahya,43,Hisarcık,hisarcik
43,Kütahya,43,Merkez,merkez
43,Kütahya,43,Pazarlar,pazarlar
43,Kütahya,43,Simav,simav
43,Kütahya,43,Şaphane,saphane
43,Kütahya,43,Tavşanlı,tavsanli
39,Kırklareli,39,Babaeski,babaeski
39,Kırklareli,39,Demirköy,demirkoy
39,Kırklareli,39,Kofçaz,kofcaz
39,Kırklareli,39,Lüleburgaz,luleburgaz
39,Kırklareli,39,Merkez,merkez
39,Kırklareli,39,Pehlivanköy,pehlivankoy
39,Kırklareli,39,Pınarhisar,pinarhisar
39,Kırklareli,39,Vize,vize
71,Kırıkkale,71,Bahşılı,bahsili
71,Kırıkkale,71,Balışeyh,baliseyh
71,Kırıkkale,71,Çelebi,celebi
71,Kırıkkale,71,Delice,delice
71,Kırıkkale,71,Karakeçili,karakecili
71,Kırıkkale,71,Keskin,keskin
71,Kırıkkale,71,Merkez,merkez
71,Kırıkkale,71,Sulakyurt,sulakyurt
71,Kırıkkale,71,Yahşihan,yahsihan
40,Kırşehir,40,Akçakent,akcakent
40,Kırşehir,40,Akpınar,akpinar
40,Kırşehir,40,Boztepe,boztepe
40,Kırşehir,40,Çiçekdağı,cicekdagi
40,Kırşehir,40,Kaman,kaman
40,Kırşehir,40,Merkez,merkez
40,Kırşehir,40,Mucur,mucur
44,Malatya,44,Akçadağ,akcadag
44,Malatya,44,Arapgir,arapgir
44,Malatya,44,Arguvan,arguvan
44,Malatya,44,Battalgazi,battalgazi
44,Malatya,44,Darende,darende
44,Malatya,44,Doğanşehir,dogansehir
44,Malatya,44,Doğanyol,doganyol
44,Malatya,44,Hekimhan,hekimhan
44,Malatya,44,Kale,kale
44,Malatya,44,Kuluncak,kuluncak
44,Malatya,44,Pütürge,puturge
44,Malatya,44,Yazıhan,yazihan
44,Malatya,44,Yeşilyurt,yesilyurt
45,Manisa,45,Ahmetli,ahmetli
45,Manisa,45,Akhisar,akhisar
45,Manisa,45,Alaşehir,alasehir
45,Manisa,45,Demirci,demirci
45,Manisa,45,Gölmarmara,golmarmara
45,Manisa,45,Gördes,gordes
45,Manisa,45,Kırkağaç,kirkagac
45,Manisa,45,Köprübaşı,koprubasi
45,Manisa,45,Kula,kula
45,Manisa,45,Salihli,salihli
45,Manisa,45,Sarıgöl,sarigol
45,Manisa,45,Saruhanlı,saruhanli
45,Manisa,45,Selendi,selendi
45,Manisa,45,Soma,soma
45,Manisa,45,Şehzadeler,sehzadeler
45,Manisa,45,Turgutlu,turgutlu
45,Manisa,45,Yunusemre,yunusemre
47,Mardin,47,Artuklu,artuklu
47,Mardin,47,Dargeçit,dargecit
47,Mardin,47,Derik,derik
47,Mardin,47,Kızıltepe,kiziltepe
47,Mardin,47,Mazıdağı,mazidagi
47,Mardin,47,Midyat,midyat
47,Mardin,47,Nusaybin,nusaybin
47,Mardin,47,Ömerli,omerli
47,Mardin,47,Savur,savur
47,Mardin,47,Yeşilli,yesilli
33,Mersin,33,Akdeniz,akdeniz
33,Mersin,33,Anamur,anamur
33,Mersin,33,Aydıncık,aydincik
33,Mersin,33,Bozyazı,bozyazi
33,Mersin,33,Çamlıyayla,camliyayla
33,Mersin,33,Erdemli,erdemli
33,Mersin,33,Gülnar,gulnar
33,Mersin,33,Mezitli,mezitli
33,Mersin,33,Mut,mut
33,Mersin,33,Silifke,silifke
33,Mersin,33,Tarsus,tarsus
33,Mersin,33,Toroslar,toroslar
33,Mersin,33,Yenişehir,yenisehir
48,Muğla,48,Bodrum,bodrum
48,Muğla,48,Dalaman,dalaman
48,Muğla,48,Datça,datca
48,Muğla,48,Fethiye,fethiye
48,Muğla,48,Kavaklıdere,kavaklidere
48,Muğla,48,Köyceğiz,koycegiz
48,Muğla,48,Marmaris,marmaris
48,Muğla,48,Menteşe,mentese
48,Muğla,48,Milas,milas
48,Muğla,48,Ortaca,ortaca
48,Muğla,48,Seydikemer,seydikemer
48,Muğla,48,Ula,ula
48,Muğla,48,Yatağan,yatagan
49,Muş,49,Bulanık,bulanik
49,Muş,49,Hasköy,haskoy
49,Muş,49,Korkut,korkut
49,Muş,49,Malazgirt,malazgirt
49,Muş,49,Merkez,merkez
49,Muş,49,Varto,varto
50,Nevşehir,50,Acıgöl,acigol
50,Nevşehir,50,Avanos,avanos
50,Nevşehir,50,Derinkuyu,derinkuyu
50,Nevşehir,50,Gülşehir,gulsehir
50,Nevşehir,50,Hacıbektaş,hacibektas
50,Nevşehir,50,Kozaklı,kozakli
50,Nevşehir,50,Merkez,merkez
50,Nevşehir,50,Ürgüp,urgup
51,Niğde,51,Altunhisar,altunhisar
51,Niğde,51,Bor,bor
51,Niğde,51,Çamardı,camardi
51,Niğde,51,Çiftlik,ciftlik
51,Niğde,51,Merkez,merkez
51,Niğde,51,Ulukışla,ulukisla
52,Ordu,52,Akkuş,akkus
52,Ordu,52,Altınordu,altinordu
52,Ordu,52,Aybastı,aybasti
52,Ordu,52,Çamaş,camas
52,Ordu,52,Çatalpınar,catalpinar
52,Ordu,52,Çaybaşı,caybasi
52,Ordu,52,Fatsa,fatsa
52,Ordu,52,Gölköy,golkoy
52,Ordu,52,Gülyalı,gulyali
52,Ordu,52,Gürgentepe,gurgentepe
52,Ordu,52,İkizce,i̇kizce
52,Ordu,52,Kabadüz,kabaduz
52,Ordu,52,Kabataş,kabatas
52,Ordu,52,Korgan,korgan
52,Ordu,52,Kumru,kumru
52,Ordu,52,Mesudiye,mesudiye
52,Ordu,52,Perşembe,persembe
52,Ordu,52,Ulubey,ulubey
52,Ordu,52,Ünye,unye
80,Osmaniye,80,Bahçe,bahce
80,Osmaniye,80,Düziçi,duzici
80,Osmaniye,80,Hasanbeyli,hasanbeyli
80,Osmaniye,80,Kadirli,kadirli
80,Osmaniye,80,Merkez,merkez
80,Osmaniye,80,Sumbas,sumbas
80,Osmaniye,80,Toprakkale,toprakkale
53,Rize,53,Ardeşen,ardesen
53,Rize,53,Çamlıhemşin,camlihemsin
53,Rize,53,Çayeli,cayeli
53,Rize,53,Derepazarı,derepazari
53,Rize,53,Fındıklı,findikli
53,Rize,53,Güneysu,guneysu
53,Rize,53,Hemşin,hemsin
53,Rize,53,İkizdere,i̇kizdere
53,Rize,53,İyidere,i̇yidere
53,Rize,53,Kalkandere,kalkandere
53,Rize,53,Merkez,merkez
53,Rize,53,Pazar,pazar
54,Sakarya,54,Adapazarı,adapazari
54,Sakarya,54,Akyazı,akyazi
54,Sakarya,54,Arifiye,arifiye
54,Sakarya,54,Erenler,erenler
54,Sakarya,54,Ferizli,ferizli
54,Sakarya,54,Geyve,geyve
54,Sakarya,54,Hendek,hendek
54,Sakarya,54,Karapürçek,karapurcek
54,Sakarya,54,Karasu,karasu
54,Sakarya,54,Kaynarca,kaynarca
54,Sakarya,54,Kocaali,kocaali
54,Sakarya,54,Pamukova,pamukova
54,Sakarya,54,Sapanca,sapanca
54,Sakarya,54,Serdivan,serdivan
54,Sakarya,54,Söğütlü,sogutlu
54,Sakarya,54,Taraklı,tarakli
55,Samsun,55,19 Mayıs,19-mayis
55,Samsun,55,Alaçam,alacam
55,Samsun,55,Asarcık,asarcik
55,Samsun,55,Atakum,atakum
55,Samsun,55,Ayvacık,ayvacik
55,Samsun,55,Bafra,bafra
55,Samsun,55,Canik,canik
55,Samsun,55,Çarşamba,carsamba
55,Samsun,55,Havza,havza
55,Samsun,55,İlkadım,i̇lkadim
55,Samsun,55,Kavak,kavak
55,Samsun,55,Ladik,ladik
55,Samsun,55,Salıpazarı,salipazari
55,Samsun,55,Tekkeköy,tekkekoy
55,Samsun,55,Terme,terme
55,Samsun,55,Vezirköprü,vezirkopru
55,Samsun,55,Yakakent,yakakent
56,Siirt,56,Baykan,baykan
56,Siirt,56,Eruh,eruh
56,Siirt,56,Kurtalan,kurtalan
56,Siirt,56,Merkez,merkez
56,Siirt,56,Pervari,pervari
56,Siirt,56,Şirvan,sirvan
56,Siirt,56,Tillo,tillo
57,Sinop,57,Ayancık,ayancik
57,Sinop,57,Boyabat,boyabat
57,Sinop,57,Dikmen,dikmen
57,Sinop,57,Durağan,duragan
57,Sinop,57,Erfelek,erfelek
57,Sinop,57,Gerze,gerze
57,Sinop,57,Merkez,merkez
57,Sinop,57,Saraydüzü,sarayduzu
57,Sinop,57,Türkeli,turkeli
58,Sivas,58,Akıncılar,akincilar
58,Sivas,58,Altınyayla,altinyayla
58,Sivas,58,Divriği,divrigi
58,Sivas,58,Doğanşar,dogansar
58,Sivas,58,Gemerek,gemerek
58,Sivas,58,Gölova,golova
58,Sivas,58,Gürün,gurun
58,Sivas,58,Hafik,hafik
58,Sivas,58,İmranlı,i̇mranli
58,Sivas,58,Kangal,kangal
58,Sivas,58,Koyulhisar,koyulhisar
58,Sivas,58,Merkez,merkez
58,Sivas,58,Suşehri,susehri
58,Sivas,58,Şarkışla,sarkisla
58,Sivas,58,Ulaş,ulas
58,Sivas,58,Yıldızeli,yildizeli
58,Sivas,58,Zara,zara
59,Tekirdağ,59,Çerkezköy,cerkezkoy
59,Tekirdağ,59,Çorlu,corlu
59,Tekirdağ,59,Ergene,ergene
59,Tekirdağ,59,Hayrabolu,hayrabolu
59,Tekirdağ,59,Kapaklı,kapakli
59,Tekirdağ,59,Malkara,malkara
59,Tekirdağ,59,Marmara Ereğlisi,marmara-ereglisi
59,Tekirdağ,59,Muratlı,muratli
59,Tekirdağ,59,Saray,saray
59,Tekirdağ,59,Süleymanpaşa,suleymanpasa
59,Tekirdağ,59,Şarköy,sarkoy
60,Tokat,60,Almus,almus
60,Tokat,60,Artova,artova
60,Tokat,60,Başçiftlik,basciftlik
60,Tokat,60,Erbaa,erbaa
60,Tokat,60,Merkez,merkez
60,Tokat,60,Niksar,niksar
60,Tokat,60,Pazar,pazar
60,Tokat,60,Reşadiye,resadiye
60,Tokat,60,Sulusaray,sulusaray
60,Tokat,60,Turhal,turhal
60,Tokat,60,Yeşilyurt,yesilyurt
60,Tokat,60,Zile,zile
61,Trabzon,61,Akçaabat,akcaabat
61,Trabzon,61,Araklı,arakli
61,Trabzon,61,Arsin,arsin
61,Trabzon,61,Beşikdüzü,besikduzu
61,Trabzon,61,Çarşıbaşı,carsibasi
61,Trabzon,61,Çaykara,caykara
61,Trabzon,61,Dernekpazarı,dernekpazari
61,Trabzon,61,Düzköy,duzkoy
61,Trabzon,61,Hayrat,hayrat
61,Trabzon,61,Köprübaşı,koprubasi
61,Trabzon,61,Maçka,macka
61,Trabzon,61,Of,of
61,Trabzon,61,Ortahisar,ortahisar
61,Trabzon,61,Sürmene,surmene
61,Trabzon,61,Şalpazarı,salpazari
61,Trabzon,61,Tonya,tonya
61,Trabzon,61,Vakfıkebir,vakfikebir
61,Trabzon,61,Yomra,yomra
62,Tunceli,62,Çemişgezek,cemisgezek
62,Tunceli,62,Hozat,hozat
62,Tunceli,62,Mazgirt,mazgirt
62,Tunceli,62,Merkez,merkez
62,Tunceli,62,Nazımiye,nazimiye
62,Tunceli,62,Ovacık,ovacik
62,Tunceli,62,Pertek,pertek
62,Tunceli,62,Pülümür,pulumur
64,Uşak,64,Banaz,banaz
64,Uşak,64,Eşme,esme
64,Uşak,64,Karahallı,karahalli
64,Uşak,64,Merkez,merkez
64,Uşak,64,Sivaslı,sivasli
64,Uşak,64,Ulubey,ulubey
65,Van,65,Bahçesaray,bahcesaray
65,Van,65,Başkale,baskale
65,Van,65,Çaldıran,caldiran
65,Van,65,Çatak,catak
65,Van,65,Edremit,edremit
65,Van,65,Erciş,ercis
65,Van,65,Gevaş,gevas
65,Van,65,Gürpınar,gurpinar
65,Van,65,İpekyolu,i̇pekyolu
65,Van,65,Muradiye,muradiye
65,Van,65,Özalp,ozalp
65,Van,65,Saray,saray
65,Van,65,Tuşba,tusba
77,Yalova,77,Altınova,altinova
77,Yalova,77,Armutlu,armutlu
77,Yalova,77,Çınarcık,cinarcik
77,Yalova,77,Çiftlikköy,ciftlikkoy
77,Yalova,77,Merkez,merkez
77,Yalova,77,Termal,termal
66,Yozgat,66,Akdağmadeni,akdagmadeni
66,Yozgat,66,Aydıncık,aydincik
66,Yozgat,66,Boğazlıyan,bogazliyan
66,Yozgat,66,Çandır,candir
66,Yozgat,66,Çayıralan,cayiralan
66,Yozgat,66,Çekerek,cekerek
66,Yozgat,66,Kadışehri,kadisehri
66,Yozgat,66,Merkez,merkez
66,Yozgat,66,Saraykent,saraykent
66,Yozgat,66,Sarıkaya,sarikaya
66,Yozgat,66,Sorgun,sorgun
66,Yozgat,66,Şefaatli,sefaatli
66,Yozgat,66,Yenifakılı,yenifakili
66,Yozgat,66,Yerköy,yerkoy
67,Zonguldak,67,Alaplı,alapli
67,Zonguldak,67,Çaycuma,caycuma
67,Zonguldak,67,Devrek,devrek
67,Zonguldak,67,Ereğli,eregli
67,Zonguldak,67,Gökçebey,gokcebey
67,Zonguldak,67,Kilimli,kilimli
67,Zonguldak,67,Kozlu,kozlu
67,Zonguldak,67,Merkez,merkez
17,Çanakkale,17,Ayvacık,ayvacik
17,Çanakkale,17,Bayramiç,bayramic
17,Çanakkale,17,Biga,biga
17,Çanakkale,17,Bozcaada,bozcaada
17,Çanakkale,17,Çan,can
17,Çanakkale,17,Eceabat,eceabat
17,Çanakkale,17,Ezine,ezine
17,Çanakkale,17,Gelibolu,gelibolu
17,Çanakkale,17,Gökçeada,gokceada
17,Çanakkale,17,Lapseki,lapseki
17,Çanakkale,17,Merkez,merkez
17,Çanakkale,17,Yenice,yenice
18,Çankırı,18,Atkaracalar,atkaracalar
18,Çankırı,18,Bayramören,bayramoren
18,Çankırı,18,Çerkeş,cerkes
18,Çankırı,18,Eldivan,eldivan
18,Çankırı,18,Ilgaz,ilgaz
18,Çankırı,18,Kızılırmak,kizilirmak
18,Çankırı,18,Korgun,korgun
18,Çankırı,18,Kurşunlu,kursunlu
18,Çankırı,18,Merkez,merkez
18,Çankırı,18,Orta,orta
18,Çankırı,18,Şabanözü,sabanozu
18,Çankırı,18,Yapraklı,yaprakli
19,Çorum,19,Alaca,alaca
19,Çorum,19,Bayat,bayat
19,Çorum,19,Boğazkale,bogazkale
19,Çorum,19,Dodurga,dodurga
19,Çorum,19,İskilip,i̇skilip
19,Çorum,19,Kargı,kargi
19,Çorum,19,Laçin,lacin
19,Çorum,19,Mecitözü,mecitozu
19,Çorum,19,Merkez,merkez
19,Çorum,19,Oğuzlar,oguzlar
19,Çorum,19,Ortaköy,ortakoy
19,Çorum,19,Osmancık,osmancik
19,Çorum,19,Sungurlu,sungurlu
19,Çorum,19,Uğurludağ,ugurludag
34,İstanbul,34,Adalar,adalar
34,İstanbul,34,Arnavutköy,arnavutkoy
34,İstanbul,34,Ataşehir,atasehir
34,İstanbul,34,Avcılar,avcilar
34,İstanbul,34,Bağcılar,bagcilar
34,İstanbul,34,Bahçelievler,bahcelievler
34,İstanbul,34,Bakırköy,bakirkoy
34,İstanbul,34,Başakşehir,basaksehir
34,İstanbul,34,Bayrampaşa,bayrampasa
34,İstanbul,34,Beşiktaş,besiktas
34,İstanbul,34,Beykoz,beykoz
34,İstanbul,34,Beylikdüzü,beylikduzu
34,İstanbul,34,Beyoğlu,beyoglu
34,İstanbul,34,Büyükçekmece,buyukcekmece
34,İstanbul,34,Çatalca,catalca
34,İstanbul,34,Çekmeköy,cekmekoy
34,İstanbul,34,Esenler,esenler
34,İstanbul,34,Esenyurt,esenyurt
34,İstanbul,34,Eyüpsultan,eyupsultan
34,İstanbul,34,Fatih,fatih
34,İstanbul,34,Gaziosmanpaşa,gaziosmanpasa
34,İstanbul,34,Güngören,gungoren
34,İstanbul,34,Kadıköy,kadikoy
34,İstanbul,34,Kağıthane,kagithane
34,İstanbul,34,Kartal,kartal
34,İstanbul,34,Küçükçekmece,kucukcekmece
34,İstanbul,34,Maltepe,maltepe
34,İstanbul,34,Pendik,pendik
34,İstanbul,34,Sancaktepe,sancaktepe
34,İstanbul,34,Sarıyer,sariyer
34,İstanbul,34,Silivri,silivri
34,İstanbul,34,Sultanbeyli,sultanbeyli
34,İstanbul,34,Sultangazi,sultangazi
34,İstanbul,34,Şile,sile
34,İstanbul,34,Şişli,sisli
34,İstanbul,34,Tuzla,tuzla
34,İstanbul,34,Ümraniye,umraniye
34,İstanbul,34,Üsküdar,uskudar
34,İstanbul,34,Zeytinburnu,zeytinburnu
35,İzmir,35,Aliağa,aliaga
35,İzmir,35,Balçova,balcova
35,İzmir,35,Bayındır,bayindir
35,İzmir,35,Bayraklı,bayrakli
35,İzmir,35,Bergama,bergama
35,İzmir,35,Beydağ,beydag
35,İzmir,35,Bornova,bornova
35,İzmir,35,Buca,buca
35,İzmir,35,Çeşme,cesme
35,İzmir,35,Çiğli,cigli
35,İzmir,35,Dikili,dikili
35,İzmir,35,Foça,foca
35,İzmir,35,Gaziemir,gaziemir
35,İzmir,35,Güzelbahçe,guzelbahce
35,İzmir,35,Karabağlar,karabaglar
35,İzmir,35,Karaburun,karaburun
35,İzmir,35,Karşıyaka,karsiyaka
35,İzmir,35,Kemalpaşa,kemalpasa
35,İzmir,35,Kınık,kinik
35,İzmir,35,Kiraz,kiraz
35,İzmir,35,Konak,konak
35,İzmir,35,Menderes,menderes
35,İzmir,35,Menemen,menemen
35,İzmir,35,Narlıdere,narlidere
35,İzmir,35,Ödemiş,odemis
35,İzmir,35,Seferihisar,seferihisar
35,İzmir,35,Selçuk,selcuk
35,İzmir,35,Tire,tire
35,İzmir,35,Torbalı,torbali
35,İzmir,35,Urla,urla
63,Şanlıurfa,63,Akçakale,akcakale
63,Şanlıurfa,63,Birecik,birecik
63,Şanlıurfa,63,Bozova,bozova
63,Şanlıurfa,63,Ceylanpınar,ceylanpinar
63,Şanlıurfa,63,Eyyübiye,eyyubiye
63,Şanlıurfa,63,Halfeti,halfeti
63,Şanlıurfa,63,Haliliye,haliliye
63,Şanlıurfa,63,Harran,harran
63,Şanlıurfa,63,Hilvan,hilvan
63,Şanlıurfa,63,Karaköprü,karakopru
63,Şanlıurfa,63,Siverek,siverek
63,Şanlıurfa,63,Suruç,suruc
63,Şanlıurfa,63,Viranşehir,viransehir
73,Şırnak,73,Beytüşşebap,beytussebap
73,Şırnak,73,Cizre,cizre
73,Şırnak,73,Güçlükonak,guclukonak
73,Şırnak,73,İdil,i̇dil
73,Şırnak,73,Merkez,merkez
73,Şırnak,73,Silopi,silopi
73,Şırnak,73,Uludere,uludere
